"행정구역(시군구)별",2023.01,2023.01,2023.01,2023.01,2023.01,2023.01,2023.01,2023.01,2023.02,2023.02,2023.02,2023.02,2023.02,2023.02,2023.02,2023.02,2023.03,2023.03,2023.03,2023.03,2023.03,2023.03,2023.03,2023.03,2023.04,2023.04,2023.04,2023.04,2023.04,2023.04,2023.04,2023.04,2023.05,2023.05,2023.05,2023.05,2023.05,2023.05,2023.05,2023.05,2023.06,2023.06,2023.06,2023.06,2023.06,2023.06,2023.06,2023.06,2023.07,2023.07,2023.07,2023.07,2023.07,2023.07,2023.07,2023.07,2023.08,2023.08,2023.08,2023.08,2023.08,2023.08,2023.08,2023.08,2023.09,2023.09,2023.09,2023.09,2023.09,2023.09,2023.09,2023.09,1970,1970,1970,1970,1970,1970,1970,1971,1971,1971,1971,1971,1971,1971,1971,1972,1972,1972,1972,1972,1972,1972,1972,1973,1973,1973,1973,1973,1973,1973,1973,1974,1974,1974,1974,1974,1974,1974,1974,1975,1975,1975,1975,1975,1975,1975,1975,1976,1976,1976,1976,1976,1976,1976,1976,1977,1977,1977,1977,1977,1977,1977,1977,1978,1978,1978,1978,1978,1978,1978,1978,1979,1979,1979,1979,1979,1979,1979,1979,1980,1980,1980,1980,1980,1980,1980,1980,1981,1981,1981,1981,1981,1981,1981,1981,1982,1982,1982,1982,1982,1982,1982,1982,1983,1983,1983,1983,1983,1983,1983,1983,1984,1984,1984,1984,1984,1984,1984,1984,1985,1985,1985,1985,1985,1985,1985,1985,1986,1986,1986,1986,1986,1986,1986,1986,1987,1987,1987,1987,1987,1987,1987,1987,1988,1988,1988,1988,1988,1988,1988,1988,1989,1989,1989,1989,1989,1989,1989,1989,1990,1990,1990,1990,1990,1990,1990,1990,1991,1991,1991,1991,1991,1991,1991,1991,1992,1992,1992,1992,1992,1992,1992,1992,1993,1993,1993,1993,1993,1993,1993,1993,1994,1994,1994,1994,1994,1994,1994,1994,1995,1995,1995,1995,1995,1995,1995,1995,1996,1996,1996,1996,1996,1996,1996,1996,1997,1997,1997,1997,1997,1997,1997,1997,1998,1998,1998,1998,1998,1998,1998,1998,1999,1999,1999,1999,1999,1999,1999,1999,2000,2000,2000,2000,2000,2000,2000,2000,2001,2001,2001,2001,2001,2001,2001,2001,2002,2002,2002,2002,2002,2002,2002,2002,2003,2003,2003,2003,2003,2003,2003,2003,2004,2004,2004,2004,2004,2004,2004,2004,2005,2005,2005,2005,2005,2005,2005,2005,2006,2006,2006,2006,2006,2006,2006,2006,2007,2007,2007,2007,2007,2007,2007,2007,2008,2008,2008,2008,2008,2008,2008,2008,2009,2009,2009,2009,2009,2009,2009,2009,2010,2010,2010,2010,2010,2010,2010,2010,2011,2011,2011,2011,2011,2011,2011,2011,2012,2012,2012,2012,2012,2012,2012,2012,2013,2013,2013,2013,2013,2013,2013,2013,2014,2014,2014,2014,2014,2014,2014,2014,2015,2015,2015,2015,2015,2015,2015,2015,2016,2016,2016,2016,2016,2016,2016,2016,2017,2017,2017,2017,2017,2017,2017,2017,2018,2018,2018,2018,2018,2018,2018,2018,2019,2019,2019,2019,2019,2019,2019,2019,2020,2020,2020,2020,2020,2020,2020,2020,2021,2021,2021,2021,2021,2021,2021,2021,2022,2022,2022,2022,2022,2022,2022,2022
"행정구역(시군구)별",총전입 (명),총전출 (명),순이동 (명),시도내이동-시군구내 (명),시도내이동-시군구간 전입 (명),시도내이동-시군구간 전출 (명),시도간전입 (명),시도간전출 (명),총전입 (명),총전출 (명),순이동 (명),시도내이동-시군구내 (명),시도내이동-시군구간 전입 (명),시도내이동-시군구간 전출 (명),시도간전입 (명),시도간전출 (명),총전입 (명),총전출 (명),순이동 (명),시도내이동-시군구내 (명),시도내이동-시군구간 전입 (명),시도내이동-시군구간 전출 (명),시도간전입 (명),시도간전출 (명),총전입 (명),총전출 (명),순이동 (명),시도내이동-시군구내 (명),시도내이동-시군구간 전입 (명),시도내이동-시군구간 전출 (명),시도간전입 (명),시도간전출 (명),총전입 (명),총전출 (명),순이동 (명),시도내이동-시군구내 (명),시도내이동-시군구간 전입 (명),시도내이동-시군구간 전출 (명),시도간전입 (명),시도간전출 (명),총전입 (명),총전출 (명),순이동 (명),시도내이동-시군구내 (명),시도내이동-시군구간 전입 (명),시도내이동-시군구간 전출 (명),시도간전입 (명),시도간전출 (명),총전입 (명),총전출 (명),순이동 (명),시도내이동-시군구내 (명),시도내이동-시군구간 전입 (명),시도내이동-시군구간 전출 (명),시도간전입 (명),시도간전출 (명),총전입 (명),총전출 (명),순이동 (명),시도내이동-시군구내 (명),시도내이동-시군구간 전입 (명),시도내이동-시군구간 전출 (명),시도간전입 (명),시도간전출 (명),총전입 (명),총전출 (명),순이동 (명),시도내이동-시군구내 (명),시도내이동-시군구간 전입 (명),시도내이동-시군구간 전출 (명),시도간전입 (명),시도간전출 (명),총전입 (명),총전출 (명),순이동 (명),시도내이동-시군구간 전입 (명),시도내이동-시군구간 전출 (명),시도간전입 (명),시도간전출 (명),총전입 (명),총전출 (명),순이동 (명),시도내이동-시군구내 (명),시도내이동-시군구간 전입 (명),시도내이동-시군구간 전출 (명),시도간전입 (명),시도간전출 (명),총전입 (명),총전출 (명),순이동 (명),시도내이동-시군구내 (명),시도내이동-시군구간 전입 (명),시도내이동-시군구간 전출 (명),시도간전입 (명),시도간전출 (명),총전입 (명),총전출 (명),순이동 (명),시도내이동-시군구내 (명),시도내이동-시군구간 전입 (명),시도내이동-시군구간 전출 (명),시도간전입 (명),시도간전출 (명),총전입 (명),총전출 (명),순이동 (명),시도내이동-시군구내 (명),시도내이동-시군구간 전입 (명),시도내이동-시군구간 전출 (명),시도간전입 (명),시도간전출 (명),총전입 (명),총전출 (명),순이동 (명),시도내이동-시군구내 (명),시도내이동-시군구간 전입 (명),시도내이동-시군구간 전출 (명),시도간전입 (명),시도간전출 (명),총전입 (명),총전출 (명),순이동 (명),시도내이동-시군구내 (명),시도내이동-시군구간 전입 (명),시도내이동-시군구간 전출 (명),시도간전입 (명),시도간전출 (명),총전입 (명),총전출 (명),순이동 (명),시도내이동-시군구내 (명),시도내이동-시군구간 전입 (명),시도내이동-시군구간 전출 (명),시도간전입 (명),시도간전출 (명),총전입 (명),총전출 (명),순이동 (명),시도내이동-시군구내 (명),시도내이동-시군구간 전입 (명),시도내이동-시군구간 전출 (명),시도간전입 (명),시도간전출 (명),총전입 (명),총전출 (명),순이동 (명),시도내이동-시군구내 (명),시도내이동-시군구간 전입 (명),시도내이동-시군구간 전출 (명),시도간전입 (명),시도간전출 (명),총전입 (명),총전출 (명),순이동 (명),시도내이동-시군구내 (명),시도내이동-시군구간 전입 (명),시도내이동-시군구간 전출 (명),시도간전입 (명),시도간전출 (명),총전입 (명),총전출 (명),순이동 (명),시도내이동-시군구내 (명),시도내이동-시군구간 전입 (명),시도내이동-시군구간 전출 (명),시도간전입 (명),시도간전출 (명),총전입 (명),총전출 (명),순이동 (명),시도내이동-시군구내 (명),시도내이동-시군구간 전입 (명),시도내이동-시군구간 전출 (명),시도간전입 (명),시도간전출 (명),총전입 (명),총전출 (명),순이동 (명),시도내이동-시군구내 (명),시도내이동-시군구간 전입 (명),시도내이동-시군구간 전출 (명),시도간전입 (명),시도간전출 (명),총전입 (명),총전출 (명),순이동 (명),시도내이동-시군구내 (명),시도내이동-시군구간 전입 (명),시도내이동-시군구간 전출 (명),시도간전입 (명),시도간전출 (명),총전입 (명),총전출 (명),순이동 (명),시도내이동-시군구내 (명),시도내이동-시군구간 전입 (명),시도내이동-시군구간 전출 (명),시도간전입 (명),시도간전출 (명),총전입 (명),총전출 (명),순이동 (명),시도내이동-시군구내 (명),시도내이동-시군구간 전입 (명),시도내이동-시군구간 전출 (명),시도간전입 (명),시도간전출 (명),총전입 (명),총전출 (명),순이동 (명),시도내이동-시군구내 (명),시도내이동-시군구간 전입 (명),시도내이동-시군구간 전출 (명),시도간전입 (명),시도간전출 (명),총전입 (명),총전출 (명),순이동 (명),시도내이동-시군구내 (명),시도내이동-시군구간 전입 (명),시도내이동-시군구간 전출 (명),시도간전입 (명),시도간전출 (명),총전입 (명),총전출 (명),순이동 (명),시도내이동-시군구내 (명),시도내이동-시군구간 전입 (명),시도내이동-시군구간 전출 (명),시도간전입 (명),시도간전출 (명),총전입 (명),총전출 (명),순이동 (명),시도내이동-시군구내 (명),시도내이동-시군구간 전입 (명),시도내이동-시군구간 전출 (명),시도간전입 (명),시도간전출 (명),총전입 (명),총전출 (명),순이동 (명),시도내이동-시군구내 (명),시도내이동-시군구간 전입 (명),시도내이동-시군구간 전출 (명),시도간전입 (명),시도간전출 (명),총전입 (명),총전출 (명),순이동 (명),시도내이동-시군구내 (명),시도내이동-시군구간 전입 (명),시도내이동-시군구간 전출 (명),시도간전입 (명),시도간전출 (명),총전입 (명),총전출 (명),순이동 (명),시도내이동-시군구내 (명),시도내이동-시군구간 전입 (명),시도내이동-시군구간 전출 (명),시도간전입 (명),시도간전출 (명),총전입 (명),총전출 (명),순이동 (명),시도내이동-시군구내 (명),시도내이동-시군구간 전입 (명),시도내이동-시군구간 전출 (명),시도간전입 (명),시도간전출 (명),총전입 (명),총전출 (명),순이동 (명),시도내이동-시군구내 (명),시도내이동-시군구간 전입 (명),시도내이동-시군구간 전출 (명),시도간전입 (명),시도간전출 (명),총전입 (명),총전출 (명),순이동 (명),시도내이동-시군구내 (명),시도내이동-시군구간 전입 (명),시도내이동-시군구간 전출 (명),시도간전입 (명),시도간전출 (명),총전입 (명),총전출 (명),순이동 (명),시도내이동-시군구내 (명),시도내이동-시군구간 전입 (명),시도내이동-시군구간 전출 (명),시도간전입 (명),시도간전출 (명),총전입 (명),총전출 (명),순이동 (명),시도내이동-시군구내 (명),시도내이동-시군구간 전입 (명),시도내이동-시군구간 전출 (명),시도간전입 (명),시도간전출 (명),총전입 (명),총전출 (명),순이동 (명),시도내이동-시군구내 (명),시도내이동-시군구간 전입 (명),시도내이동-시군구간 전출 (명),시도간전입 (명),시도간전출 (명),총전입 (명),총전출 (명),순이동 (명),시도내이동-시군구내 (명),시도내이동-시군구간 전입 (명),시도내이동-시군구간 전출 (명),시도간전입 (명),시도간전출 (명),총전입 (명),총전출 (명),순이동 (명),시도내이동-시군구내 (명),시도내이동-시군구간 전입 (명),시도내이동-시군구간 전출 (명),시도간전입 (명),시도간전출 (명),총전입 (명),총전출 (명),순이동 (명),시도내이동-시군구내 (명),시도내이동-시군구간 전입 (명),시도내이동-시군구간 전출 (명),시도간전입 (명),시도간전출 (명),총전입 (명),총전출 (명),순이동 (명),시도내이동-시군구내 (명),시도내이동-시군구간 전입 (명),시도내이동-시군구간 전출 (명),시도간전입 (명),시도간전출 (명),총전입 (명),총전출 (명),순이동 (명),시도내이동-시군구내 (명),시도내이동-시군구간 전입 (명),시도내이동-시군구간 전출 (명),시도간전입 (명),시도간전출 (명),총전입 (명),총전출 (명),순이동 (명),시도내이동-시군구내 (명),시도내이동-시군구간 전입 (명),시도내이동-시군구간 전출 (명),시도간전입 (명),시도간전출 (명),총전입 (명),총전출 (명),순이동 (명),시도내이동-시군구내 (명),시도내이동-시군구간 전입 (명),시도내이동-시군구간 전출 (명),시도간전입 (명),시도간전출 (명),총전입 (명),총전출 (명),순이동 (명),시도내이동-시군구내 (명),시도내이동-시군구간 전입 (명),시도내이동-시군구간 전출 (명),시도간전입 (명),시도간전출 (명),총전입 (명),총전출 (명),순이동 (명),시도내이동-시군구내 (명),시도내이동-시군구간 전입 (명),시도내이동-시군구간 전출 (명),시도간전입 (명),시도간전출 (명),총전입 (명),총전출 (명),순이동 (명),시도내이동-시군구내 (명),시도내이동-시군구간 전입 (명),시도내이동-시군구간 전출 (명),시도간전입 (명),시도간전출 (명),총전입 (명),총전출 (명),순이동 (명),시도내이동-시군구내 (명),시도내이동-시군구간 전입 (명),시도내이동-시군구간 전출 (명),시도간전입 (명),시도간전출 (명),총전입 (명),총전출 (명),순이동 (명),시도내이동-시군구내 (명),시도내이동-시군구간 전입 (명),시도내이동-시군구간 전출 (명),시도간전입 (명),시도간전출 (명),총전입 (명),총전출 (명),순이동 (명),시도내이동-시군구내 (명),시도내이동-시군구간 전입 (명),시도내이동-시군구간 전출 (명),시도간전입 (명),시도간전출 (명),총전입 (명),총전출 (명),순이동 (명),시도내이동-시군구내 (명),시도내이동-시군구간 전입 (명),시도내이동-시군구간 전출 (명),시도간전입 (명),시도간전출 (명),총전입 (명),총전출 (명),순이동 (명),시도내이동-시군구내 (명),시도내이동-시군구간 전입 (명),시도내이동-시군구간 전출 (명),시도간전입 (명),시도간전출 (명),총전입 (명),총전출 (명),순이동 (명),시도내이동-시군구내 (명),시도내이동-시군구간 전입 (명),시도내이동-시군구간 전출 (명),시도간전입 (명),시도간전출 (명),총전입 (명),총전출 (명),순이동 (명),시도내이동-시군구내 (명),시도내이동-시군구간 전입 (명),시도내이동-시군구간 전출 (명),시도간전입 (명),시도간전출 (명),총전입 (명),총전출 (명),순이동 (명),시도내이동-시군구내 (명),시도내이동-시군구간 전입 (명),시도내이동-시군구간 전출 (명),시도간전입 (명),시도간전출 (명),총전입 (명),총전출 (명),순이동 (명),시도내이동-시군구내 (명),시도내이동-시군구간 전입 (명),시도내이동-시군구간 전출 (명),시도간전입 (명),시도간전출 (명),총전입 (명),총전출 (명),순이동 (명),시도내이동-시군구내 (명),시도내이동-시군구간 전입 (명),시도내이동-시군구간 전출 (명),시도간전입 (명),시도간전출 (명),총전입 (명),총전출 (명),순이동 (명),시도내이동-시군구내 (명),시도내이동-시군구간 전입 (명),시도내이동-시군구간 전출 (명),시도간전입 (명),시도간전출 (명),총전입 (명),총전출 (명),순이동 (명),시도내이동-시군구내 (명),시도내이동-시군구간 전입 (명),시도내이동-시군구간 전출 (명),시도간전입 (명),시도간전출 (명),총전입 (명),총전출 (명),순이동 (명),시도내이동-시군구내 (명),시도내이동-시군구간 전입 (명),시도내이동-시군구간 전출 (명),시도간전입 (명),시도간전출 (명)
"전국",506100,506100,0,164141,145923,145923,196036,196036,622411,622411,0,187696,183174,183174,251541,251541,588958,588958,0,195928,171026,171026,222004,222004,455474,455474,0,161731,136415,136415,157328,157328,497285,497285,0,180983,148019,148019,168283,168283,473480,473480,0,173203,140977,140977,159300,159300,482143,482143,0,175329,144573,144573,162241,162241,538401,538401,0,192044,161459,161459,184898,184898,449718,449718,0,165606,136957,136957,147155,147155,4046536,4046536,0,-,-,-,-,4210164,4210164,0,2878091,-,-,1332073,1332073,3687938,3687938,0,2619367,-,-,1068571,1068571,4860418,4860418,0,3435573,-,-,1424845,1424845,5297969,5297969,0,3709343,-,-,1588626,1588626,9011440,9011440,0,6143486,-,-,2867954,2867954,6773250,6773250,0,4620297,-,-,2152953,2152953,7397623,7397623,0,5234058,-,-,2163565,2163565,8410276,8410276,0,5867479,-,-,2542797,2542797,7324380,7324380,0,4974831,-,-,2349549,2349549,8258573,8258573,0,5652936,-,-,2605637,2605637,8194516,8194516,0,5401067,-,-,2793449,2793449,8616474,8616474,0,5806253,-,-,2810221,2810221,9795811,9795811,0,6584773,-,-,3211038,3211038,9043238,9043238,0,6033834,-,-,3009404,3009404,8679097,8679097,0,5753800,-,-,2925297,2925297,8660428,8660428,0,5639139,-,-,3021289,3021289,9308750,9308750,0,6065385,-,-,3243365,3243365,9969020,9969020,0,6616530,-,-,3352490,3352490,9316219,9316219,0,6126613,-,-,3189606,3189606,9459209,9459209,0,6228081,-,-,3231128,3231128,8980841,8980841,0,6022999,-,-,2957842,2957842,9031576,9031576,0,6171816,-,-,2859760,2859760,8807058,8807058,0,5943391,-,-,2863667,2863667,8791714,8791714,0,6052025,-,-,2739689,2739689,9073069,9073069,0,3385801,2822329,2822329,2864939,2864939,8854973,8854973,0,3250389,2768495,2768495,2836089,2836089,8819909,8819909,0,3175759,2805708,2805708,2838442,2838442,8156318,8156318,0,2917869,2559820,2559820,2678629,2678629,9435347,9435347,0,3445888,2964675,2964675,3024784,3024784,9009441,9009441,0,3299280,2864330,2864330,2845831,2845831,9289949,9289949,0,3437686,2920246,2920246,2932017,2932017,9584461,9584461,0,3622611,2967035,2967035,2994815,2994815,9516605,9516605,0,3536987,2971837,2971837,3007781,3007781,8567795,8567795,0,3127996,2646060,2646060,2793739,2793739,8795397,8795397,0,3279032,2701086,2701086,2815279,2815279,9342074,9342074,0,3547116,2848289,2848289,2946669,2946669,9070102,9070102,0,3390521,2757578,2757578,2922003,2922003,8808256,8808256,0,3321911,2694194,2694194,2792151,2792151,8487275,8487275,0,3183026,2575277,2575277,2728972,2728972,8226594,8226594,0,3104796,2459505,2459505,2662293,2662293,8127195,8127195,0,3143729,2378953,2378953,2604513,2604513,7506691,7506691,0,2827998,2165953,2165953,2512740,2512740,7411784,7411784,0,2864028,2124327,2124327,2423429,2423429,7629098,7629098,0,2957867,2163435,2163435,2507796,2507796,7755286,7755286,0,3014020,2189842,2189842,2551424,2551424,7378430,7378430,0,2840295,2084793,2084793,2453342,2453342,7154226,7154226,0,2701400,2041896,2041896,2410930,2410930,7297099,7297099,0,2776681,2091234,2091234,2429184,2429184,7104398,7104398,0,2659826,2059624,2059624,2384948,2384948,7735491,7735491,0,2926406,2274971,2274971,2534114,2534114,7213422,7213422,0,2649108,2117080,2117080,2447234,2447234,6152155,6152155,0,2173548,1805002,1805002,2173605,2173605
"서울특별시",91225,94248,-3023,19465,35007,35007,36753,39776,126733,123266,3467,25653,48143,48143,52937,49470,116723,117601,-878,27105,44403,44403,45215,46093,89745,93110,-3365,22778,35590,35590,31377,34742,99323,102676,-3353,26188,39087,39087,34048,37401,90971,95204,-4233,23389,35663,35663,31919,36152,94517,97209,-2692,23724,37846,37846,32947,35639,111712,112732,-1020,27466,45405,45405,38841,39861,93071,94441,-1370,24358,37783,37783,30930,32300,1742813,1448985,293828,-,-,-,-,1671705,1419016,252689,1158556,-,-,513149,260460,1349333,1210559,138774,985945,-,-,363388,224614,1831858,1647268,184590,1345508,-,-,486350,301760,2050392,1819660,230732,1511726,-,-,538666,307934,3396662,2937093,459569,2401970,-,-,994692,535123,2756510,2495620,260890,2041724,-,-,714786,453896,2893403,2678007,215396,2212213,-,-,681190,465794,3307439,3028911,278528,2518286,-,-,789153,510625,2589667,2441242,148425,1883742,-,-,705925,557500,2767816,2602912,164904,1985766,-,-,782050,617146,2859860,2711478,148382,2090599,-,-,769261,620879,2997854,2865994,131860,2200559,-,-,797295,665435,3434184,3292353,141831,2510626,-,-,923558,781727,3052558,2919812,132746,2208384,-,-,844174,711428,2784387,2754023,30364,2007557,-,-,776830,746466,2683013,2688836,-5823,1934992,-,-,748021,753844,2853398,2768999,84399,2015454,-,-,837944,753545,3388387,3199831,188556,2431698,-,-,956689,768133,3049117,2939473,109644,2186860,-,-,862257,752613,2726492,2817484,-90992,1972421,-,-,754071,845063,2437238,2474117,-36879,1764051,-,-,673187,710066,2395814,2500698,-104884,1764955,-,-,630859,735743,2259333,2441965,-182632,1648211,-,-,611122,793754,2240086,2476583,-236497,1666106,-,-,573980,810477,2165332,2487230,-321898,674852,928988,928988,561492,883390,2159555,2370792,-211237,682389,888765,888765,588401,799638,2074884,2253203,-178319,643543,841907,841907,589434,767753,1802931,1936944,-134013,518154,738489,738489,546288,680301,2337989,2419111,-81122,738998,929476,929476,669515,750637,2219407,2266346,-46939,705781,876648,876648,636978,683917,2295784,2409733,-113949,759346,898730,898730,637708,751657,2318051,2424472,-106421,776388,896259,896259,645404,751825,2242723,2311691,-68968,739688,870005,870005,633030,701998,1926235,1973439,-47204,606162,739186,739186,580887,628091,1990749,2041756,-51007,628013,769700,769700,593036,644043,2173907,2210458,-36551,689769,831339,831339,652799,689350,2078045,2130928,-52883,656506,792098,792098,629441,682324,2025358,2083352,-57994,633437,792776,792776,599145,657139,1873188,1925452,-52264,560864,725991,725991,586333,638597,1733015,1848038,-115023,520345,679363,679363,533307,648330,1721748,1834806,-113058,543807,671315,671315,506626,619684,1555281,1658928,-103647,473458,595842,595842,485981,589628,1520090,1620640,-100550,468394,584614,584614,467082,567632,1573594,1661425,-87831,495401,602622,602622,475571,563402,1589431,1726687,-137256,524267,605262,605262,459902,597158,1515602,1655859,-140257,487722,574193,574193,453687,593944,1472937,1571423,-98486,454536,564271,564271,454130,552616,1439707,1549937,-110230,430780,548796,548796,460131,570361,1426493,1476081,-49588,406796,543831,543831,475866,525454,1578127,1642977,-64850,444682,623431,623431,510014,574864,1418187,1524430,-106243,387416,569648,569648,461123,567366,1201527,1236867,-35340,302805,468146,468146,430576,465916
"부산광역시",31180,31800,-620,8601,12723,12723,9856,10476,40851,40515,336,9897,16578,16578,14376,14040,34247,35347,-1100,9438,14127,14127,10682,11782,26191,27583,-1392,7941,11270,11270,6980,8372,28032,29227,-1195,8349,12069,12069,7614,8809,27977,29232,-1255,8015,12667,12667,7295,8550,27057,28125,-1068,7438,12159,12159,7460,8528,31518,32410,-892,8789,13738,13738,8991,9883,26802,27763,-961,8043,12093,12093,6666,7627,448577,376059,72518,-,-,-,-,389797,328367,61430,248102,-,-,141695,80265,362202,319360,42842,245789,-,-,116413,73571,482061,414661,67400,316491,-,-,165570,98170,680984,554013,126971,447094,-,-,233890,106919,805979,694445,111534,490794,-,-,315185,203651,724664,629165,95499,462171,-,-,262493,166994,785117,696120,88997,511015,-,-,274102,185105,895337,782978,112359,577302,-,-,318035,205676,809483,734053,75430,534200,-,-,275283,199853,904252,853118,51134,623421,-,-,280831,229697,852671,826900,25771,593332,-,-,259339,233568,932367,918812,13555,685927,-,-,246440,232885,919150,912993,6157,663934,-,-,255216,249059,872967,850489,22478,627069,-,-,245898,223420,821207,807752,13455,595863,-,-,225344,211889,831658,799693,31965,601161,-,-,230497,198532,918310,887181,31129,672784,-,-,245526,214397,892506,869281,23225,661275,-,-,231231,208006,790991,797649,-6658,595930,-,-,195061,201719,761684,797544,-35860,577707,-,-,183977,219837,741748,777296,-35548,571157,-,-,170591,206139,771852,823847,-51995,613596,-,-,158256,210251,708358,767283,-58925,562445,-,-,145913,204838,668188,725663,-57475,536710,-,-,131478,188953,676037,730946,-54909,223011,322976,322976,130050,184959,679854,727099,-47245,214878,330294,330294,134682,181927,641886,686323,-44437,202074,308706,308706,131106,175543,602418,643339,-40921,182425,288776,288776,131217,172138,660060,693417,-33357,204955,309889,309889,145216,178573,595975,639669,-43694,183925,282146,282146,129904,173598,604650,645838,-41188,190821,284160,284160,129669,170857,600936,650378,-49442,190627,273495,273495,136814,186256,625355,667618,-42263,201013,280219,280219,144123,186386,539108,572337,-33229,171512,235922,235922,131674,164903,552771,589746,-36975,182612,239396,239396,130763,167738,559915,594601,-34686,182601,245982,245982,131332,166018,529343,565419,-36076,169293,228423,228423,131627,167703,514502,549106,-34604,167064,220814,220814,126624,161228,519310,549094,-29784,165137,226267,226267,127906,157690,519334,547800,-28466,168131,225399,225399,125804,154270,508043,532906,-24863,167237,209693,209693,131113,155976,461042,481652,-20610,150358,190110,190110,120574,141184,478451,496161,-17710,156335,202017,202017,120099,137809,485710,500802,-15092,154513,198769,198769,132428,147520,507031,520591,-13560,163750,212595,212595,130686,144246,459015,480407,-21392,147728,192793,192793,118494,139886,439073,467471,-28398,139074,182532,182532,117467,145865,416095,442854,-26759,130540,178172,178172,107383,134142,411704,435058,-23354,125676,176434,176434,109594,132948,491829,506176,-14347,155767,214524,214524,121538,135885,441323,460226,-18903,136072,189085,189085,116166,135069,383848,397410,-13562,109335,169621,169621,104892,118454
"대구광역시",22316,22557,-241,5853,8343,8343,8120,8361,26929,28630,-1701,7271,9680,9680,9978,11679,24941,26188,-1247,7076,9671,9671,8194,9441,21224,21927,-703,6584,8760,8760,5880,6583,24400,24771,-371,8045,9955,9955,6400,6771,23499,23674,-175,7906,9379,9379,6214,6389,23782,24003,-221,7637,9819,9819,6326,6547,25661,25606,55,7865,10365,10365,7431,7376,22115,22345,-230,6898,9685,9685,5532,5762,-,-,-,-,-,-,-,-,-,-,-,-,-,-,-,-,-,-,-,-,-,-,-,-,-,-,-,-,-,-,-,-,-,-,-,-,-,-,-,-,-,-,-,-,-,-,-,-,-,-,-,-,-,-,-,-,-,-,-,-,-,-,-,-,-,-,-,-,-,-,-,-,-,-,-,-,-,-,-,-,-,-,-,-,-,-,-,514009,481534,32475,348566,-,-,165443,132968,553068,521117,31951,393803,-,-,159265,127314,607848,582412,25436,438255,-,-,169593,144157,552902,525143,27759,390862,-,-,162040,134281,539361,518560,20801,384972,-,-,154389,133588,533854,513581,20273,383388,-,-,150466,130193,590786,570103,20683,429854,-,-,160932,140249,579187,558115,21072,417433,-,-,161754,140682,539730,517090,22640,387612,-,-,152118,129478,526547,528024,-1477,387458,-,-,139089,140566,525249,522785,2464,389023,-,-,136226,133762,558826,558150,676,432375,-,-,126451,125775,524585,524762,-177,401316,-,-,123269,123446,545677,538742,6935,425696,-,-,119981,113046,534013,537292,-3279,175154,246624,246624,112235,115514,507085,528825,-21740,169055,228115,228115,109915,131655,485263,499790,-14527,161113,215144,215144,109006,123533,462722,474560,-11838,152051,203558,203558,107113,118951,496811,503678,-6867,167293,212887,212887,116631,123498,477595,480947,-3352,159243,208215,208215,110137,113489,448898,463131,-14233,157499,187649,187649,103750,117983,466894,476535,-9641,166289,192553,192553,108052,117693,487515,490571,-3056,172043,199964,199964,115508,118564,418278,431605,-13327,149804,165743,165743,102731,116058,440350,465300,-24950,164180,173277,173277,102893,127843,428417,454076,-25659,160586,165383,165383,102448,128107,399853,416398,-16545,145078,152791,152791,101984,118529,409938,422676,-12738,149384,161729,161729,98825,111563,398626,411288,-12662,144903,153852,153852,99871,112533,370817,382657,-11840,138755,135894,135894,96168,108008,370563,383310,-12747,141462,135033,135033,94068,106815,348642,359206,-10564,128630,126031,126031,93981,104545,351873,363224,-11351,132825,125282,125282,93766,105117,350213,365739,-15526,127462,125180,125180,97571,113097,351424,364364,-12940,130786,128399,128399,92239,105179,328228,337488,-9260,113566,127156,127156,87506,96766,321182,333118,-11936,110696,125447,125447,85039,96975,321158,335400,-14242,113477,122144,122144,85537,99779,312419,336092,-23673,112136,119033,119033,81250,104923,347248,364083,-16835,122954,133114,133114,91180,108015,304761,329080,-24319,105699,115986,115986,83076,107395,265354,276873,-11519,81016,102771,102771,81567,93086
"인천광역시",30920,28525,2395,8797,8747,8747,13376,10981,38362,35793,2569,10750,11146,11146,16466,13897,39109,36270,2839,11962,11218,11218,15929,13090,31198,29160,2038,10052,9412,9412,11734,9696,34270,32279,1991,11796,10141,10141,12333,10342,29889,29007,882,10230,8804,8804,10855,9973,38644,35738,2906,13912,11986,11986,12746,9840,38793,34959,3834,12568,11570,11570,14655,10821,31778,28861,2917,10445,9413,9413,11920,9003,-,-,-,-,-,-,-,-,-,-,-,-,-,-,-,-,-,-,-,-,-,-,-,-,-,-,-,-,-,-,-,-,-,-,-,-,-,-,-,-,-,-,-,-,-,-,-,-,-,-,-,-,-,-,-,-,-,-,-,-,-,-,-,-,-,-,-,-,-,-,-,-,-,-,-,-,-,-,-,-,-,-,-,-,-,-,-,332958,296851,36107,183157,-,-,149801,113694,333362,323344,10018,200084,-,-,133278,123260,398906,370917,27989,231796,-,-,167110,139121,425509,379871,45638,243975,-,-,181534,135896,409361,367248,42113,232745,-,-,176616,134503,382620,351641,30979,216240,-,-,166380,135401,434814,389630,45184,251771,-,-,183043,137859,476438,429474,46964,281064,-,-,195374,148410,472576,406162,66414,270158,-,-,202418,136004,567863,451178,116685,318771,-,-,249092,132407,503687,423289,80398,289666,-,-,214021,133623,509700,450319,59381,310754,-,-,198946,139565,505825,466162,39663,317595,-,-,188230,148567,506471,469610,36861,327840,-,-,178631,141770,481438,462882,18556,138786,173301,173301,169351,150795,482811,470473,12338,142236,175042,175042,165533,153195,512513,485473,27040,150857,183715,183715,177941,150901,447707,426896,20811,125142,159205,159205,163360,142549,494576,492766,1810,150649,170297,170297,173630,171820,531318,518153,13165,170161,187941,187941,173216,160051,526842,525725,1117,177510,179453,179453,169879,168762,540812,540582,230,181828,177990,177990,180994,180764,510347,526518,-16171,175195,173586,173586,161566,177737,462835,464170,-1335,151450,155322,155322,156063,157398,502168,491203,10965,166861,167263,167263,168044,157079,523457,513839,9618,180422,167506,167506,175529,165911,576619,553898,22721,200074,186932,186932,189613,166892,565585,556166,9419,204203,185742,185742,175640,166221,478169,476071,2098,165110,153788,153788,159271,157173,462051,458439,3612,160948,143018,143018,158085,154473,499567,470758,28809,169726,155715,155715,174126,145317,468666,440872,27794,156184,141795,141795,170687,142893,461613,439578,22035,159934,137512,137512,164167,142132,452297,442973,9324,162728,132647,132647,156922,147598,473223,463685,9538,174846,139776,139776,158601,149063,441646,435869,5777,161701,129082,129082,150863,145086,409465,411135,-1670,147772,118622,118622,143071,144741,433639,433706,-67,155992,131244,131244,146403,146470,420014,422351,-2337,150091,125990,125990,143933,146270,444556,460304,-15748,163316,134310,134310,146930,162678,433137,421714,11423,150553,126760,126760,155824,144401,395140,367039,28101,123107,116812,116812,155221,127120
"광주광역시",13713,14728,-1015,4163,4449,4449,5101,6116,17137,17923,-786,4628,5685,5685,6824,7610,15020,16292,-1272,4723,4901,4901,5396,6668,11824,12582,-758,3916,4186,4186,3722,4480,13028,13733,-705,4267,4568,4568,4193,4898,12344,13119,-775,4235,4325,4325,3784,4559,12149,12510,-361,3954,4037,4037,4158,4519,15349,15619,-270,5016,5447,5447,4886,5156,12294,12836,-542,4394,4317,4317,3583,4125,-,-,-,-,-,-,-,-,-,-,-,-,-,-,-,-,-,-,-,-,-,-,-,-,-,-,-,-,-,-,-,-,-,-,-,-,-,-,-,-,-,-,-,-,-,-,-,-,-,-,-,-,-,-,-,-,-,-,-,-,-,-,-,-,-,-,-,-,-,-,-,-,-,-,-,-,-,-,-,-,-,-,-,-,-,0,0,-,-,-,-,-,-,0,0,-,-,-,-,-,-,-,-,-,-,-,-,-,-,-,-,-,-,-,-,-,-,-,-,-,-,-,-,-,-,-,-,254634,238786,15848,154955,-,-,99679,83831,257011,249630,7381,158411,-,-,98600,91219,336312,313422,22890,213502,-,-,122810,99920,308307,279132,29175,188390,-,-,119917,90742,330810,302333,28477,209699,-,-,121111,92634,356080,320043,36037,237637,-,-,118443,82406,346330,324793,21537,244033,-,-,102297,80760,300357,291976,8381,209136,-,-,91221,82840,312343,302179,10164,225147,-,-,87196,77032,307188,311209,-4021,102628,114606,114606,89954,93975,298679,298589,90,94429,116774,116774,87476,87386,328978,321553,7425,110739,125075,125075,93164,85739,295529,293016,2513,95739,107087,107087,92703,90190,324045,321192,2853,101938,115035,115035,107072,104219,301498,301512,-14,92582,106342,106342,102574,102588,300467,300588,-121,96206,104647,104647,99614,99735,294120,289765,4355,93229,100875,100875,100016,95661,304505,314192,-9687,102392,104068,104068,98045,107732,284734,287882,-3148,96127,95723,95723,92884,96032,290429,297762,-7333,99108,103774,103774,87547,94880,301479,304209,-2730,104288,103244,103244,93947,96677,286105,290248,-4143,91729,103807,103807,90569,94712,268757,268310,447,88276,94197,94197,86284,85837,293879,290771,3108,98437,107710,107710,87732,84624,268574,265043,3531,90732,92764,92764,85078,81547,260561,259282,1279,92897,86974,86974,80690,79411,228612,230437,-1825,79574,72996,72996,76042,77867,226696,229288,-2592,82576,72689,72689,71431,74023,243066,246043,-2977,86184,78137,78137,78745,81722,224603,233875,-9272,79293,71484,71484,73826,83098,213176,221074,-7898,77462,68120,68120,67594,75492,208138,216256,-8118,75293,66881,66881,65964,74082,218892,225108,-6216,80537,69166,69166,69189,75405,217130,221005,-3875,75101,74251,74251,67778,71653,226163,232246,-6083,81431,77086,77086,67646,73729,212888,218771,-5883,74956,73211,73211,64721,70604,182924,190566,-7642,62460,65006,65006,55458,63100
"대전광역시",17265,17351,-86,4361,5374,5374,7530,7616,20924,20802,122,4955,5979,5979,9990,9868,17555,17879,-324,4314,5288,5288,7953,8277,14379,14653,-274,4247,5013,5013,5119,5393,15998,15935,63,4929,5349,5349,5720,5657,13902,14000,-98,4121,4679,4679,5102,5200,13293,13527,-234,4000,4073,4073,5220,5454,15166,15128,38,4225,4513,4513,6428,6390,12342,12440,-98,3536,4037,4037,4769,4867,-,-,-,-,-,-,-,-,-,-,-,-,-,-,-,-,-,-,-,-,-,-,-,-,-,-,-,-,-,-,-,-,-,-,-,-,-,-,-,-,-,-,-,-,-,-,-,-,-,-,-,-,-,-,-,-,-,-,-,-,-,-,-,-,-,-,-,-,-,-,-,-,-,-,-,-,-,-,-,-,-,-,-,-,-,0,0,-,-,-,-,-,-,0,0,-,-,-,-,-,-,-,-,-,-,-,-,-,-,-,-,-,-,-,-,-,-,-,-,-,-,-,-,-,-,-,-,-,-,-,-,-,-,-,-,-,-,-,-,-,-,-,-,-,-,-,-,-,-,-,-,256234,230055,26179,162657,-,-,93577,67398,296756,263293,33463,194537,-,-,102219,68756,310452,273837,36615,205625,-,-,104827,68212,295662,271532,24130,203082,-,-,92580,68450,335871,297841,38030,232456,-,-,103415,65385,315639,285155,30484,218557,-,-,97082,66598,314804,297054,17750,88497,127875,127875,98432,80682,287663,272745,14918,79760,108177,108177,99726,84808,295198,285604,9594,85735,110044,110044,99419,89825,267578,255485,12093,73167,95842,95842,98569,86476,322783,313174,9609,97564,121030,121030,104189,94580,312560,303984,8576,92251,119596,119596,100713,92137,304985,298145,6840,91736,114393,114393,98856,92016,302944,294389,8555,91658,109920,109920,101366,92811,304736,298910,5826,93615,106086,106086,105035,99209,280028,277412,2616,83311,96877,96877,99840,97224,287835,284625,3210,86448,103121,103121,98266,95056,294814,292499,2315,88470,108271,108271,98073,95758,283080,284128,-1048,86431,100609,100609,96040,97088,263532,269142,-5610,81780,92968,92968,88784,94394,252424,258182,-5758,79604,87232,87232,85588,91346,262432,263477,-1045,84052,91910,91910,86470,87515,264244,260900,3344,85377,90083,90083,88784,85440,239635,239136,499,71391,80990,80990,87254,86755,230858,230547,311,72406,76387,76387,82065,81754,239559,248397,-8838,73415,83546,83546,82598,91436,220774,241390,-20616,68094,71515,71515,81165,101781,219252,229883,-10631,67638,71238,71238,80376,91007,211449,227624,-16175,64181,67475,67475,79793,95968,212879,227632,-14753,65470,67848,67848,79561,94314,212424,228766,-16342,65817,68178,68178,78429,94771,232321,243418,-11097,73445,77135,77135,81741,92838,211565,220496,-8931,61757,69778,69778,80030,88961,198705,201701,-2996,56435,66849,66849,75421,78417
"울산광역시",8741,9304,-563,2451,2682,2682,3608,4171,10365,11737,-1372,2688,3257,3257,4420,5792,9543,10449,-906,2857,3017,3017,3669,4575,7948,8539,-591,2762,2568,2568,2618,3209,8600,9270,-670,2922,2934,2934,2744,3414,10342,10713,-371,4257,3245,3245,2840,3211,9449,10047,-598,3465,3208,3208,2776,3374,9868,10644,-776,3612,3178,3178,3078,3854,7982,8244,-262,2782,2690,2690,2510,2772,-,-,-,-,-,-,-,-,-,-,-,-,-,-,-,-,-,-,-,-,-,-,-,-,-,-,-,-,-,-,-,-,-,-,-,-,-,-,-,-,-,-,-,-,-,-,-,-,-,-,-,-,-,-,-,-,-,-,-,-,-,-,-,-,-,-,-,-,-,-,-,-,-,-,-,-,-,-,-,-,-,-,-,-,-,-,-,-,-,-,-,-,-,-,-,-,-,-,-,-,-,-,-,-,-,-,-,-,-,-,-,-,-,-,-,-,-,-,-,-,-,-,-,-,-,-,-,-,-,-,-,-,-,-,-,-,-,-,-,-,-,-,-,-,-,-,-,-,-,-,-,-,-,-,-,-,-,-,-,-,-,-,-,-,-,-,-,-,-,-,-,-,-,-,-,-,-,-,-,-,-,-,-,-,-,-,-,-,-,-,-,-,-,-,-,-,-,-,-,-,-,-,-,-,-,-,-,-,-,-,-,-,-,-,-,185987,182149,3838,67373,61768,61768,56846,53008,164160,169728,-5568,57106,59398,59398,47656,53224,179485,181385,-1900,63174,64702,64702,51609,53509,166690,163474,3216,58355,57504,57504,50831,47615,170587,164599,5988,58058,59253,59253,53276,47288,176413,173788,2625,63537,60264,60264,52612,49987,191255,189383,1872,68363,67184,67184,55708,53836,184499,182735,1764,67848,63648,63648,53003,51239,169681,170073,-392,61880,56286,56286,51515,51907,174389,176800,-2411,64972,57971,57971,51446,53857,180375,181367,-992,64964,62992,62992,52419,53411,181662,177756,3906,63210,64359,64359,54093,50187,159953,164984,-5031,55134,57204,57204,47615,52646,161146,164671,-3525,56814,56543,56543,47789,51314,164963,163091,1872,60856,53713,53713,50394,48522,161433,157427,4006,59048,50108,50108,52277,48271,159492,157185,2307,58520,48733,48733,52239,49932,176015,173229,2786,61578,60555,60555,53882,51096,170393,170473,-80,57758,58373,58373,54262,54342,148190,155812,-7622,55962,47380,47380,44848,52470,135199,147116,-11917,47645,47144,47144,40410,52327,127922,140576,-12654,44554,44138,44138,39230,51884,142056,152228,-10172,50135,51848,51848,40073,50245,136112,149696,-13584,48931,46706,46706,40475,54059,129880,143554,-13674,45646,44822,44822,39412,53086,107747,117283,-9536,35345,35818,35818,36584,46120
"세종특별자치시",6221,5459,762,2113,0,0,4108,3346,6991,6362,629,2290,0,0,4701,4072,5349,5171,178,2051,0,0,3298,3120,3721,3607,114,1422,0,0,2299,2185,4125,4012,113,1659,0,0,2466,2353,3819,3860,-41,1554,0,0,2265,2306,4184,4229,-45,1673,0,0,2511,2556,4254,4570,-316,1592,0,0,2662,2978,3665,3733,-68,1514,0,0,2151,2219,-,-,-,-,-,-,-,-,-,-,-,-,-,-,-,-,-,-,-,-,-,-,-,-,-,-,-,-,-,-,-,-,-,-,-,-,-,-,-,-,-,-,-,-,-,-,-,-,-,-,-,-,-,-,-,-,-,-,-,-,-,-,-,-,-,-,-,-,-,-,-,-,-,-,-,-,-,-,-,-,-,-,-,-,-,-,-,-,-,-,-,-,-,-,-,-,-,-,-,-,-,-,-,-,-,-,-,-,-,-,-,-,-,-,-,-,-,-,-,-,-,-,-,-,-,-,-,-,-,-,-,-,-,-,-,-,-,-,-,-,-,-,-,-,-,-,-,-,-,-,-,-,-,-,-,-,-,-,-,-,-,-,-,-,-,-,-,-,-,-,-,-,-,-,-,-,-,-,-,-,-,-,-,-,-,-,-,-,-,-,-,-,-,-,-,-,-,-,-,-,-,-,-,-,-,-,-,-,-,-,-,-,-,-,-,-,-,-,-,-,-,-,-,-,-,-,-,-,-,-,-,-,-,-,-,-,-,-,-,-,-,-,-,-,-,-,-,-,-,-,-,-,-,-,-,-,-,-,-,-,-,-,-,-,-,-,-,-,-,-,-,-,-,-,-,-,-,-,-,-,-,-,-,-,-,-,-,-,-,-,-,-,-,-,-,-,-,-,-,-,-,-,-,-,-,-,-,-,-,-,-,-,-,-,-,-,-,-,-,-,-,-,-,-,-,-,-,-,-,-,-,-,-,-,-,32784,15291,17493,4704,0,0,28080,10587,23805,15109,8696,4105,0,0,19700,11004,56526,23070,33456,10455,0,0,46071,12615,83994,30950,53044,13990,0,0,70004,16960,65052,35236,29816,14546,0,0,50506,20690,82073,47383,34690,23245,0,0,58828,24138,86433,55000,31433,28450,0,0,57983,26550,82398,58674,23724,28381,0,0,54017,30293,78934,65909,13025,30045,0,0,48889,35864,76912,62827,14085,30037,0,0,46875,32790,65529,55401,10128,25292,0,0,40237,30109
"경기도",138044,131506,6538,49237,40497,40497,48310,41772,161815,157077,4738,55004,48049,48049,58762,54024,157641,155326,2315,58145,46282,46282,53214,50899,128067,124107,3960,49099,37898,37898,41070,37110,140454,136027,4427,54783,41698,41698,43973,39546,138351,132107,6244,54142,41047,41047,43162,36918,136218,132719,3499,54200,39963,39963,42055,38556,145277,143187,2090,56705,42536,42536,46036,43946,122012,120774,1238,47666,36982,36982,37364,36126,452060,353535,98525,-,-,-,-,533375,412098,121277,263045,-,-,270330,149053,418045,382945,35100,235877,-,-,182168,147068,542224,454426,87798,284129,-,-,258095,170297,579194,484597,94597,309489,-,-,269705,175108,1006818,825258,181560,493101,-,-,513717,332157,770036,645942,124094,395632,-,-,374404,250310,880019,753564,126455,492040,-,-,387979,261524,985879,817561,168318,529175,-,-,456704,288386,984187,786271,197916,496327,-,-,487860,289944,1085764,948316,137448,566970,-,-,518794,381346,806192,703279,102913,363760,-,-,442432,339519,971778,793942,177836,447364,-,-,524414,346578,1253162,995853,257309,593086,-,-,660076,402767,1146201,940978,205223,541457,-,-,604744,399521,1211995,977801,234194,573998,-,-,637997,403803,1297795,1041498,256297,622598,-,-,675197,418900,1388645,1197193,191452,681779,-,-,706866,515414,1450813,1371971,78842,742871,-,-,707942,629100,1447161,1295977,151184,742243,-,-,704918,553734,1609933,1359422,250511,842522,-,-,767411,516900,1472190,1295128,177062,809179,-,-,663011,485949,1564272,1349401,214871,866274,-,-,697998,483127,1711603,1417105,294498,932048,-,-,779555,485057,1807997,1485920,322077,1009580,-,-,798417,476340,1952466,1579952,372514,666711,416103,416103,869652,497138,1905357,1652688,252669,673810,437677,437677,793870,541201,1950705,1736957,213748,683746,492703,492703,774256,560508,1707411,1584923,122488,604610,438644,438644,664157,541669,2079470,1905336,174134,764697,522349,522349,792424,618290,2042327,1858301,184026,760797,523359,523359,758171,574145,2256103,2007156,248947,832420,589534,589534,834149,585202,2449422,2133640,315782,919703,634668,634668,895051,579269,2304535,2082492,222043,872233,599319,599319,832983,610940,2079220,1890345,188875,762655,560782,560782,755783,566908,2197321,2028470,168851,839637,587523,587523,770161,601310,2459641,2321008,138633,993502,655523,655523,810616,671983,2306957,2193857,113100,899800,626104,626104,781053,667953,2195585,2094988,100597,860674,594277,594277,740634,640037,2175681,2081528,94153,861125,594740,594740,719816,625663,2168820,2026383,142437,834147,601122,601122,733551,591114,2062422,1986623,75799,832888,554918,554918,674616,598817,1944962,1862209,82753,766080,528485,528485,650397,567644,1895434,1821303,74131,767618,506877,506877,620939,546808,1891775,1834379,57396,769180,505892,505892,616703,559307,1993080,1898312,94768,816014,530250,530250,646816,552048,1958593,1824976,133617,785160,515941,515941,657492,523875,1888324,1772162,116162,740434,518753,518753,629137,512975,2041715,1871621,170094,788471,578031,578031,675213,505119,1940962,1806296,134666,744143,557565,557565,639254,504588,2152572,1984199,168373,842504,605557,605557,704511,536138,2036215,1885698,150517,779725,586091,586091,670399,519882,1645990,1602108,43882,627887,476258,476258,541845,497963
"강원특별자치도",14581,15097,-516,5545,2728,2728,6308,6824,17341,18105,-764,6227,3468,3468,7646,8410,18341,18115,226,7298,3371,3371,7672,7446,13154,13054,100,5986,2170,2170,4998,4898,14667,14392,275,6661,2316,2316,5690,5415,12911,12819,92,5736,2052,2052,5123,5031,12728,12822,-94,5440,2129,2129,5159,5253,14209,14208,1,6215,2257,2257,5737,5736,13007,13209,-202,6338,2029,2029,4640,4842,160959,197181,-36222,-,-,-,-,183964,218958,-34994,128222,-,-,55742,90736,161637,192371,-30734,112559,-,-,49078,79812,241663,277465,-35802,180716,-,-,60947,96749,184385,233685,-49300,130356,-,-,54029,103329,326365,386575,-60210,212434,-,-,113931,174141,239946,281828,-41882,154239,-,-,85707,127589,246070,291783,-45713,162520,-,-,83550,129263,264577,315354,-50777,170661,-,-,93916,144693,233897,284177,-50280,151052,-,-,82845,133125,293328,317838,-24510,186495,-,-,106833,131343,280036,302412,-22376,175961,-,-,104075,126451,276861,306669,-29808,179155,-,-,97706,127514,306128,350811,-44683,205866,-,-,100262,144945,283921,326123,-42202,185322,-,-,98599,140801,271814,300318,-28504,174284,-,-,97530,126034,266248,299747,-33499,174443,-,-,91805,125304,267082,312214,-45132,175327,-,-,91755,136887,254715,307197,-52482,172443,-,-,82272,134754,252860,310793,-57933,173953,-,-,78907,136840,249409,297046,-47637,167644,-,-,81765,129402,252140,290170,-38030,173466,-,-,78674,116704,240866,265711,-24845,161850,-,-,79016,103861,234899,259485,-24586,159416,-,-,75483,100069,234353,252824,-18471,163492,-,-,70861,89332,263349,272699,-9350,135677,48525,48525,79147,88497,240874,248744,-7870,112694,45821,45821,82359,90229,254242,255164,-922,122229,46006,46006,86007,86929,262688,253798,8890,123143,48033,48033,91512,82622,277214,281012,-3798,130319,53461,53461,93434,97232,255403,266537,-11134,122083,48967,48967,84353,95487,256767,264880,-8113,120283,49208,49208,87276,95389,266880,284061,-17181,129776,52453,52453,84651,101832,269296,282359,-13063,129184,52533,52533,87579,100642,252902,261244,-8342,118502,48744,48744,85656,93998,245689,257162,-11473,118571,46506,46506,80612,92085,254508,264068,-9560,123916,46318,46318,84274,93834,245182,251328,-6146,112795,45271,45271,87116,93262,252193,250883,1310,117605,44249,44249,90339,89029,249191,247373,1818,113501,45325,45325,90365,88547,241738,241183,555,110407,42758,42758,88573,88018,236077,231424,4653,106092,41050,41050,88935,84282,225896,225184,712,101616,39033,39033,85247,84535,217917,214931,2986,98433,37608,37608,81876,78890,228369,226284,2085,106944,38306,38306,83119,81034,227125,222352,4773,101138,38880,38880,87107,82334,223484,221592,1892,101820,39101,39101,82563,80671,211653,209618,2035,92243,38720,38720,80690,78655,216398,220252,-3854,103018,37068,37068,76312,80166,217626,215965,1661,104679,35002,35002,77945,76284,223354,217897,5457,105809,35254,35254,82291,76834,217103,210422,6681,98709,34936,34936,83458,76777,194864,187370,7494,87946,31044,31044,75874,68380
"충청북도",16205,16268,-63,7406,1949,1949,6850,6913,18610,19158,-548,8080,2248,2248,8282,8830,20078,18982,1096,9293,2270,2270,8515,7419,13621,13298,323,6806,1538,1538,5277,4954,13861,13582,279,6805,1540,1540,5516,5237,13845,13453,392,6923,1535,1535,5387,4995,14465,13842,623,7347,1477,1477,5641,5018,18654,18103,551,10461,1803,1803,6390,5839,13629,13296,333,7278,1368,1368,4983,4650,100041,147916,-47875,-,-,-,-,111901,156593,-44692,71722,-,-,40179,84871,99573,124530,-24957,60135,-,-,39438,64395,122988,156909,-33921,79667,-,-,43321,77242,125958,166708,-40750,81662,-,-,44296,85046,246251,324499,-78248,156257,-,-,89994,168242,164008,213011,-49003,97992,-,-,66016,115019,163716,220085,-56369,101842,-,-,61874,118243,182753,267370,-84617,112514,-,-,70239,154856,167420,223664,-56244,99194,-,-,68226,124470,227621,266206,-38585,141794,-,-,85827,124412,199751,237424,-37673,121778,-,-,77973,115646,207913,248209,-40296,132321,-,-,75592,115888,230425,275424,-44999,146556,-,-,83869,128868,222296,267994,-45698,144108,-,-,78188,123886,226908,260438,-33530,146670,-,-,80238,113768,222294,250875,-28581,143861,-,-,78433,107014,223845,258557,-34712,142281,-,-,81564,116276,225487,259387,-33900,147273,-,-,78214,112114,224484,253510,-29026,147953,-,-,76531,105557,263415,280994,-17579,178769,-,-,84646,102225,258597,269728,-11131,172749,-,-,85848,96979,244908,244880,28,159621,-,-,85287,85259,242162,240478,1684,160096,-,-,82066,80382,227781,231350,-3569,156287,-,-,71494,75063,249033,245262,3771,126370,44666,44666,77997,74226,234598,228974,5624,110562,42983,42983,81053,75429,252139,247215,4924,123093,47589,47589,81457,76533,232414,226872,5542,105239,46706,46706,80469,74927,255180,256626,-1446,121579,49651,49651,83950,85396,235155,239559,-4404,108964,48020,48020,78171,82575,230828,239356,-8528,108168,46294,46294,76366,84894,243571,251773,-8202,119758,45839,45839,77974,86176,246415,252496,-6081,118256,48787,48787,79372,85453,231167,236984,-5817,105914,44777,44777,80476,86293,235907,240615,-4708,113771,43610,43610,78526,83234,245977,244227,1750,104103,56679,56679,85195,83445,253433,247741,5692,116774,50081,50081,86578,80886,244672,237759,6913,109632,50203,50203,84837,77924,232872,230351,2521,104684,46532,46532,81656,79135,235671,229707,5964,108942,44125,44125,82604,76640,228594,220515,8079,103337,42342,42342,82915,74836,212263,207622,4641,94467,38994,38994,78802,74161,215973,212860,3113,101578,38381,38381,76014,72901,215944,213577,2367,105337,31277,31277,79330,76963,214626,213188,1438,106553,26711,26711,81362,79924,202679,197668,5011,100466,23690,23690,78523,73512,197177,194915,2262,95481,24344,24344,77352,75090,218886,213737,5149,112186,26684,26684,80016,74867,211396,208831,2565,107970,25414,25414,78012,75447,229895,226441,3454,118937,28216,28216,82742,79288,214300,210838,3462,105180,26250,26250,82870,79408,185419,180218,5201,86905,22333,22333,76181,70980
"충청남도",24994,24311,683,9469,4628,4628,10897,10214,28380,26918,1462,9399,5399,5399,13582,12120,26845,25201,1644,9844,4500,4500,12501,10857,18930,17653,1277,7340,2964,2964,8626,7349,19754,18600,1154,7706,3047,3047,9001,7847,19656,18423,1233,8401,2969,2969,8286,7053,19376,18553,823,7941,3243,3243,8192,7369,24671,23452,1219,10321,4661,4661,9689,8470,19609,18501,1108,8601,3291,3291,7717,6609,192979,240241,-47262,-,-,-,-,205632,255973,-50341,138377,-,-,67255,117596,190175,212546,-22371,125416,-,-,64759,87130,239750,277908,-38158,165914,-,-,73836,111994,217167,268495,-51328,144920,-,-,72247,123575,482034,562558,-80524,315561,-,-,166473,246997,292314,344295,-51981,175247,-,-,117067,169048,341491,384884,-43393,218193,-,-,123298,166691,384579,422062,-37483,231872,-,-,152707,190190,327162,372344,-45182,199068,-,-,128094,173276,405973,444695,-38722,254221,-,-,151752,190474,384250,435356,-51106,243678,-,-,140572,191678,397886,447043,-49157,260221,-,-,137665,186822,466795,524543,-57748,312563,-,-,154232,211980,461768,516636,-54868,314353,-,-,147415,202283,434868,470881,-36013,285338,-,-,149530,185543,429259,462446,-33187,282552,-,-,146707,179894,453191,495793,-42602,298486,-,-,154705,197307,479092,520291,-41199,323524,-,-,155568,196767,218897,279524,-60627,111410,-,-,107487,168114,225074,278820,-53746,114506,-,-,110568,164314,221453,266897,-45444,113540,-,-,107913,153357,205298,233588,-28290,101047,-,-,104251,132541,221321,245580,-24259,116942,-,-,104379,128638,214126,234753,-20627,118477,-,-,95649,116276,253838,251923,1915,102131,34069,34069,117638,115723,258224,246037,12187,93796,35171,35171,129257,117070,283331,269231,14100,105856,39005,39005,138470,124370,262993,253628,9365,100168,37902,37902,124923,115558,280280,283195,-2915,110572,40510,40510,129198,132113,265599,273341,-7742,105655,40738,40738,119206,126948,266541,278169,-11628,107937,40822,40822,117782,129410,274820,288445,-13625,110326,44765,44765,119729,133354,312739,310057,2682,121644,51424,51424,139671,136989,364482,329499,34983,126074,64138,64138,174270,139287,325444,320445,4999,124554,53973,53973,146917,141918,336866,329811,7055,141168,50406,50406,145292,138237,355213,341850,13363,145645,54981,54981,154587,141224,355294,339765,15529,144657,59645,59645,150992,135463,329626,317511,12115,134213,53545,53545,141868,129753,317853,301675,16178,129712,47660,47660,140481,124303,321187,302546,18641,129403,50249,50249,141535,122894,287195,277346,9849,120578,41165,41165,125452,115603,281428,268053,13375,119387,40169,40169,121872,108497,289627,279817,9810,121802,43299,43299,124526,114716,289952,279680,10272,121329,42167,42167,126456,116184,286764,271446,15318,118023,44983,44983,123758,108440,288738,269337,19401,120050,41562,41562,127126,107725,292305,282221,10084,126255,43410,43410,122640,112556,258790,259584,-794,104346,39607,39607,114837,115631,287127,286386,741,117462,45904,45904,123761,123020,282195,273673,8522,110444,46065,46065,125686,117164,260488,246174,14314,99469,44323,44323,116696,102382
"전라북도",17200,17690,-490,7552,4269,4269,5379,5869,19682,20487,-805,8489,4548,4548,6645,7450,19001,19470,-469,8318,4701,4701,5982,6451,13721,14050,-329,6468,3295,3295,3958,4287,14759,15084,-325,7245,3429,3429,4085,4410,14623,14850,-227,7354,3309,3309,3960,4187,14924,15133,-209,7441,3554,3554,3929,4138,16414,16941,-527,8241,3709,3709,4464,4991,13411,13740,-329,6930,2988,2988,3493,3822,136856,228126,-91270,-,-,-,-,165843,240338,-74495,126915,-,-,38928,113423,153347,190364,-37017,112660,-,-,40687,77704,185754,238830,-53076,137823,-,-,47931,101007,173873,245518,-71645,132220,-,-,41653,113298,368163,505510,-137347,271325,-,-,96838,234185,236947,323710,-86763,164485,-,-,72462,159225,271557,353025,-81468,197471,-,-,74086,155554,302745,397516,-94771,215351,-,-,87394,182165,257738,341312,-83574,179722,-,-,78016,161590,334630,405854,-71224,234042,-,-,100588,171812,341182,389105,-47923,233125,-,-,108057,155980,328446,387881,-59435,235230,-,-,93216,152651,359443,432712,-73269,261030,-,-,98413,171682,325918,400596,-74678,238920,-,-,86998,161676,332232,392339,-60107,244075,-,-,88157,148264,320907,380222,-59315,232559,-,-,88348,147663,336104,402012,-65908,245399,-,-,90705,156613,346268,405905,-59637,254064,-,-,92204,151841,324263,387521,-63258,243482,-,-,80781,144039,342446,395786,-53340,254933,-,-,87513,140853,335219,377517,-42298,255310,-,-,79909,122207,347781,378542,-30761,269177,-,-,78604,109365,315824,341814,-25990,239279,-,-,76545,102535,302520,325449,-22929,233188,-,-,69332,92261,361364,371479,-10115,205161,74373,74373,81830,91945,319791,334162,-14371,172012,68706,68706,79073,93444,325923,340520,-14597,176891,70846,70846,78186,92783,345687,347956,-2269,182332,79558,79558,83797,86066,366647,377096,-10449,186551,89485,89485,90611,101060,350628,372218,-21590,179686,88368,88368,82574,104164,370943,372854,-1911,171238,94327,94327,105378,107289,338554,395289,-56735,181954,84493,84493,72107,128842,397299,400338,-3039,182019,105390,105390,109890,112929,329911,380880,-50969,163209,89409,89409,77293,128262,311537,336014,-24477,158000,79072,79072,74465,98942,327237,346399,-19162,169260,78951,78951,79026,98188,332957,343831,-10874,160384,87266,87266,85307,96181,322495,333045,-10550,164569,77802,77802,80124,90674,314137,318943,-4806,163080,71705,71705,79352,84158,305789,308237,-2448,159076,69805,69805,76908,79356,308011,306290,1721,157742,71094,71094,79175,77454,271835,275126,-3291,136862,62392,62392,72581,75872,258198,260395,-2197,132650,57015,57015,68533,70730,274337,276900,-2563,141920,61805,61805,70612,73175,261832,264662,-2830,134872,58204,58204,68756,71586,248188,252607,-4419,123446,58211,58211,66531,70950,232047,239253,-7206,110582,56756,56756,64709,71915,243324,257097,-13773,126328,57018,57018,59978,73751,228775,241523,-12748,117247,53110,53110,58418,71166,249083,257577,-8494,132951,53507,53507,62625,71119,223710,229511,-5801,114540,47692,47692,61478,67279,199432,204547,-5115,99552,44369,44369,55511,60626
"전라남도",16554,16528,26,5982,3617,3617,6955,6929,19617,20462,-845,6723,4683,4683,8211,9056,20490,20474,16,8421,4425,4425,7644,7628,14414,14099,315,5867,3008,3008,5539,5224,15802,15830,-28,6939,3136,3136,5727,5755,13849,13867,-18,5723,2819,2819,5307,5325,13333,13938,-605,5428,2806,2806,5099,5704,15400,16116,-716,6318,3253,3253,5829,6545,12286,12571,-285,5058,2606,2606,4622,4907,177536,263908,-86372,-,-,-,-,243793,329442,-85649,200362,-,-,43431,129080,218180,259182,-41002,172986,-,-,45194,86196,301023,360474,-59451,245116,-,-,55907,115358,313318,397292,-83974,261202,-,-,52116,136090,572277,705568,-133291,445600,-,-,126677,259968,426056,497144,-71088,308898,-,-,117158,188246,460561,537331,-76770,349360,-,-,111201,187971,530257,620706,-90449,397298,-,-,132959,223408,467410,553662,-86252,350491,-,-,116919,203171,603459,686232,-82773,455908,-,-,147551,230324,555593,620131,-64538,409146,-,-,146447,210985,556325,623279,-66954,417911,-,-,138414,205368,653216,739084,-85868,495203,-,-,158013,243881,578625,658416,-79791,435770,-,-,142855,222646,577823,639179,-61356,434421,-,-,143402,204758,341022,417929,-76907,184300,-,-,156722,233629,373887,477865,-103978,211010,-,-,162877,266855,353613,462452,-108839,203166,-,-,150447,259286,322329,426507,-104178,186546,-,-,135783,239961,342318,442388,-100070,202552,-,-,139766,239836,320000,420570,-100570,195947,-,-,124053,224623,313436,389969,-76533,196353,-,-,117083,193616,295599,354854,-59255,183090,-,-,112509,171764,263849,310291,-46442,162254,-,-,101595,148037,331240,350404,-19164,131419,72255,72255,127566,146730,302707,322229,-19522,114086,67145,67145,121476,140998,293862,315452,-21590,108571,66520,66520,118771,140361,331140,329903,1237,133960,61188,61188,135992,134755,355423,379576,-24153,134664,70725,70725,150034,174187,325511,359049,-33538,129317,65249,65249,130945,164483,320992,357416,-36424,127948,65809,65809,127235,163659,316647,362799,-46152,142161,64068,64068,110418,156570,326582,362685,-36103,125492,75348,75348,125742,161845,276573,308825,-32252,112518,56461,56461,107594,139846,284412,304419,-20007,118730,55744,55744,109938,129945,284276,308961,-24685,115937,56985,56985,111354,136039,287179,303752,-16573,115319,58492,58492,113368,129941,277906,291224,-13318,114883,57761,57761,105262,118580,281051,288476,-7425,111863,61056,61056,108132,115557,265600,275661,-10061,108242,55101,55101,102257,112318,261239,266461,-5222,102728,56825,56825,101686,106908,239026,244080,-5054,92639,50784,50784,95603,100657,244329,246635,-2306,97685,53781,53781,92863,95169,260278,260874,-596,107286,54205,54205,98787,99383,250104,246168,3936,95042,52661,52661,102401,98465,234132,237337,-3205,89149,51809,51809,93174,96379,227504,230551,-3047,85559,51613,51613,90332,93379,224384,232414,-8030,83406,51567,51567,89411,97441,224483,233271,-8788,84162,52252,52252,88069,96857,239016,248770,-9754,92950,58263,58263,87803,97557,223619,228106,-4487,89248,49323,49323,85048,89535,191956,192301,-345,76588,39728,39728,75640,75985
"경상북도",22636,24286,-1650,8432,4424,4424,9780,11430,27074,29089,-2015,8841,5644,5644,12589,14604,26590,26590,0,9129,5307,5307,12154,12154,19345,19246,99,7469,3631,3631,8245,8146,20202,20464,-262,8165,3551,3551,8486,8748,18846,19573,-727,7708,3317,3317,7821,8548,19015,19659,-644,7845,3271,3271,7899,8543,20924,22091,-1167,8788,3496,3496,8640,9807,17594,18255,-661,7551,2975,2975,7068,7729,407643,470142,-62499,-,-,-,-,470732,528111,-57379,384273,-,-,86459,143838,519508,533098,-13590,427599,-,-,91909,105499,605014,630214,-25200,484785,-,-,120229,145429,585406,612614,-27208,442652,-,-,142754,169962,1241147,1324401,-83254,1003878,-,-,237269,320523,739579,798110,-58531,565093,-,-,174486,233017,855263,916540,-61277,683083,-,-,172180,233457,947641,1010019,-62378,747774,-,-,199867,262245,907292,956670,-49378,727036,-,-,180256,229634,1004311,1046803,-42492,804100,-,-,200211,242703,441825,519607,-77782,246552,-,-,195273,273055,403659,497800,-94141,235143,-,-,168516,262657,438685,540076,-101391,256873,-,-,181812,283203,400881,503995,-103114,233424,-,-,167457,270571,397346,476059,-78713,227858,-,-,169488,248201,424060,489606,-65546,250749,-,-,173311,238857,456629,521249,-64620,267105,-,-,189524,254144,440750,512956,-72206,259298,-,-,181452,253658,402478,475285,-72807,241341,-,-,161137,233944,437000,486953,-49953,267813,-,-,169187,219140,449029,496337,-47308,284168,-,-,164861,212169,412622,442454,-29832,254638,-,-,157984,187816,421328,436837,-15509,264207,-,-,157121,172630,392828,411211,-18383,249181,-,-,143647,162030,419925,424533,-4608,210968,63770,63770,145187,149795,416050,410502,5548,196919,62746,62746,156385,150837,395678,401893,-6215,185456,63455,63455,146767,152982,388186,387613,573,178700,62323,62323,147163,146590,424035,437240,-13205,202379,70253,70253,151403,164608,380638,406344,-25706,176848,70696,70696,133094,158800,380826,402131,-21305,179985,66012,66012,134829,156134,384589,415867,-31278,182668,68875,68875,133046,164324,371006,407839,-36833,169350,68844,68844,132812,169645,360764,387685,-26921,168353,62499,62499,129912,156833,374711,386228,-11517,164429,63390,63390,146892,158409,391486,394805,-3319,169701,68864,68864,152921,156240,380925,395536,-14611,171623,67182,67182,142120,156731,363297,377397,-14100,165140,64193,64193,133964,148064,367244,375551,-8307,165775,62241,62241,139228,147535,354575,358127,-3552,158808,58834,58834,136933,140485,363511,358695,4816,163443,60091,60091,139977,135161,335362,340222,-4860,148144,56104,56104,131114,135974,329118,330983,-1865,146235,54971,54971,127912,129777,337041,338029,-988,145694,55565,55565,135782,136770,344730,345307,-577,148598,60511,60511,135621,136198,315652,318803,-3151,138749,54605,54605,122298,125449,311061,316642,-5581,140628,52607,52607,117826,123407,309446,318671,-9225,138178,53977,53977,117291,126516,306511,311082,-4571,131914,53785,53785,120812,125383,317701,334679,-16978,138869,57609,57609,121223,138201,317866,314529,3337,131535,55875,55875,130456,127119,263156,270822,-7666,104875,48269,48269,110012,117678
"경상남도",26104,27646,-1542,10521,5632,5632,9951,11493,31893,36055,-4162,12133,7638,7638,12122,16284,28813,30929,-2116,11534,6620,6620,10659,12775,22170,23166,-996,10113,4517,4517,7540,8536,23745,25144,-1399,11250,4565,4565,7930,9329,22860,23696,-836,10600,4493,4493,7767,8603,22474,23579,-1105,10480,4340,4340,7654,8759,23965,25839,-1874,10605,4848,4848,8512,10386,22661,23187,-526,11327,4135,4135,7199,7725,212521,299797,-87276,-,-,-,-,214358,298292,-83934,146090,-,-,68268,152202,196534,244230,-47696,128191,-,-,68343,116039,282238,341498,-59260,179266,-,-,102972,162232,358116,413442,-55326,228442,-,-,129674,185000,514805,631217,-116412,318345,-,-,196460,312872,386917,482042,-95125,231525,-,-,155392,250517,457139,509366,-52227,275293,-,-,181846,234073,564057,609162,-45105,336527,-,-,227530,272635,535159,566651,-31492,323935,-,-,211224,242716,572251,611934,-39683,358768,-,-,213483,253166,566967,592803,-25836,350250,-,-,216717,242553,598107,612405,-14298,376658,-,-,221449,235747,656220,676040,-19820,419869,-,-,236351,256171,651485,668961,-17476,421297,-,-,230188,247664,608176,638365,-30189,399629,-,-,208547,238736,608659,648804,-40145,410108,-,-,198551,238696,686554,706972,-20418,465658,-,-,220896,241314,675152,686708,-11556,456950,-,-,218202,229758,638537,649055,-10518,438999,-,-,199538,210056,704656,686266,18390,486434,-,-,218222,199832,723250,701394,21856,508346,-,-,214904,193048,746907,722095,24812,537208,-,-,209699,184887,656486,645680,10806,462152,-,-,194334,183528,684247,664230,20017,500416,-,-,183831,163814,679704,666040,13664,360036,133595,133595,186073,172409,683550,663846,19704,356173,139750,139750,187627,167923,459955,459423,532,209715,113071,113071,137169,136637,488910,480343,8567,226436,121868,121868,140606,132039,490751,500126,-9375,228518,120558,120558,141675,151050,463895,472407,-8512,212720,117092,117092,134083,142595,458485,463651,-5166,209225,114692,114692,134568,139734,514140,507244,6896,226401,134188,134188,153551,146655,523882,519594,4288,222817,136905,136905,164160,159872,474081,479692,-5611,203914,127520,127520,142647,148258,493352,487733,5619,209952,129855,129855,153545,147926,496713,495419,1294,211879,134577,134577,150257,148963,491542,483599,7943,202396,130580,130580,158566,150623,487356,474327,13029,206547,124765,124765,156044,143015,485349,474110,11239,212702,119310,119310,153337,142098,481955,478709,3246,228609,106778,106778,146568,143322,473757,469223,4534,235551,91195,91195,147011,142477,414556,417328,-2772,198123,82986,82986,133447,136219,427658,423864,3794,212397,80634,80634,134627,130833,462239,456164,6075,236877,83048,83048,142314,136239,455384,450279,5105,227168,84540,84540,143676,138571,411952,410180,1772,199864,77340,77340,134748,132976,413179,409200,3979,200391,75484,75484,137304,133325,389714,395524,-5810,193649,72348,72348,123717,129527,396251,405561,-9310,200493,74255,74255,121503,130813,403339,419997,-16658,204318,74992,74992,124029,140687,374782,388485,-13703,178975,72297,72297,123510,137213,323211,341758,-18547,151073,65196,65196,106942,125489
"제주특별자치도",8201,8796,-595,4193,854,854,3154,3749,9707,10032,-325,4668,1029,1029,4010,4335,8672,8674,-2,4420,925,925,3327,3329,5822,5640,182,2881,595,595,2346,2164,6265,6259,6,3274,634,634,2357,2351,5796,5883,-87,2909,674,674,2213,2300,6535,6510,25,3404,662,662,2469,2444,6566,6796,-230,3257,680,680,2629,2859,5460,5522,-62,2887,565,565,2008,2070,14551,17705,-3154,-,-,-,-,19064,22976,-3912,12427,-,-,6637,10549,19404,18753,651,12210,-,-,7194,6543,25845,28762,-2917,16158,-,-,9687,12604,29176,34753,-5577,19580,-,-,9596,15173,50939,60840,-9901,34221,-,-,16718,26619,36273,43315,-7042,23291,-,-,12982,20024,43287,51682,-8395,31028,-,-,12259,20654,45012,54648,-9636,30719,-,-,14293,23929,44965,49818,-4853,30064,-,-,14901,19754,59168,60516,-1348,41451,-,-,17717,19065,59222,60666,-1444,41163,-,-,18059,19503,58848,61979,-3131,41877,-,-,16971,20102,71649,73559,-1910,49116,-,-,22533,24443,68207,72409,-4202,48893,-,-,19314,23516,63619,67053,-3434,46390,-,-,17229,20663,64405,67970,-3565,47233,-,-,17172,20737,68494,71352,-2858,50066,-,-,18428,21286,70300,72030,-1730,51969,-,-,18331,20061,68255,68486,-231,49079,-,-,19176,19407,74806,71678,3128,52315,-,-,22491,19363,74509,71733,2776,53135,-,-,21374,18598,77302,75597,1705,56853,-,-,20449,18744,73507,75236,-1729,55002,-,-,18505,20234,75609,77754,-2145,59094,-,-,16515,18660,83338,84164,-826,44400,20603,20603,18335,19161,78175,79268,-1093,37590,21329,21329,19256,20349,79365,79959,-594,38768,20154,20154,20443,21037,93844,91314,2530,46060,24680,24680,23104,20574,90598,90417,181,42038,24367,24367,24193,24012,85242,87600,-2358,40912,23449,23449,20881,23239,96251,96577,-326,49306,25263,25263,21682,22008,95668,95434,234,46308,26330,26330,23030,22796,98415,99862,-1447,43683,32175,32175,22557,24004,102978,103061,-83,40643,39309,39309,23026,23109,93041,93846,-805,42286,28596,28596,22159,22964,88992,90894,-1902,46542,20290,20290,22160,24062,83294,86222,-2928,51710,9969,9969,21615,24543,80124,82360,-2236,50850,8714,8714,20560,22796,76575,77590,-1015,46894,8779,8779,20902,21917,77224,76787,437,47076,8431,8431,21717,21280,82708,80365,2343,51183,8663,8663,22862,20519,79501,74625,4876,46142,8138,8138,25221,20345,88851,81028,7823,52950,7657,7657,28244,20421,92508,81396,11112,51091,8582,8582,32835,21723,97580,83323,14257,50522,8514,8514,38544,24287,106825,92193,14632,57293,9151,9151,40381,25749,105027,91022,14005,53590,9685,9685,41752,27747,104202,95349,8853,55390,9623,9623,39189,30336,94966,92030,2936,50739,9069,9069,35158,32222,98114,94736,3378,52035,9363,9363,36716,33338,94979,91062,3917,48616,9261,9261,37102,33185,86865,83717,3148,43458,8459,8459,34948,31800
